[
	{
		"name": "基础包",
		"opt": {
			"china": {
				"hosts": {
					"test": "api-performance.aliplus.com",
					"pre": "api.link.aliyun.com",
					"release": "api.link.aliyun.com"
				},
				"language": "zh-CN"
			},
			"singapore": {
				"hosts": {
					"pre": "api-iot.ap-southeast-1.aliyuncs.com",
					"release": "api-iot.ap-southeast-1.aliyuncs.com"
				},
				"language": "en-US",
				"autoSelectChannelHost": true
			}
		},
		"submodules": [
			{
				"desc": "长连接账号绑定",
				"opt": {},
				"dependency": "",
				"name": "IMSBaseSDKChannelBind",
				"classNames": [
					"IMSBaseSDKGlue"
				]
			}
		],
		"version": "1.0.0",
		"desc": "包含开发App和平台建立连接的必要SDK。",
		"icon": "https://cdn.nlark.com/lark/0/2018/png/37158/1542199384180-assets/web-upload/4a1fab05-13c7-425d-b44f-33021d6c2bb5.png",
		"classNames": [
			"IMSBaseSDKLaunch"
		]
	},
	{
		"name": "用户及账号",
		"opt": {
			"china": {
				"host": "",
				"language": "zh-CN"
			},
			"singapore": {
				"host": "sgp-sdk.openaccount.aliyun.com",
				"language": "en-US"
			}
		},
		"version": "1.0.0",
		"desc": "支持2种账号体系: 内置账号和自有账号体系。",
		"icon": "https://cdn.nlark.com/lark/0/2018/png/37158/1542199387340-assets/web-upload/6401a836-83a8-4791-ba01-23e5e89165ca.png",
		"classNames": [
			"IMSAuthenticationLaunch"
		]
	},
	{
		"name": "设备控制",
		"opt": {},
		"submodules": [
			{
				"desc": "停止设备控制本地发现",
				"opt": {},
				"dependency": "",
				"name": "IMSThingCapabilityClear",
				"classNames": [
					"IMSThingCapabilityGlue"
				]
			}
		],
		"version": "1.0.0",
		"desc": "提供了设备状态感知及控制的能力。",
		"icon": "https://cdn.nlark.com/lark/0/2018/png/37158/1542199385401-assets/web-upload/d2fe1d2e-0c80-4d77-80f3-e095deb20c37.png",
		"classNames": [
			"IMSThingCapabilityLaunch"
		]
	},
	{
		"name": "添加设备",
		"opt": {},
		"version": "1.0.0",
		"desc": "包含了开发配网界面 (WiFi, 以太网或蜂窝网）所需的SDK和一套完整示例界面，搭配设备端标准配网方案使用。",
		"icon": "https://cdn.nlark.com/lark/0/2018/png/37158/1542199384707-assets/web-upload/edab9eaa-ba22-44c5-82fc-6c7c82db667f.png",
		"classNames": []
	},
	{
		"name": "消息推送",
		"opt": {},
		"submodules": [
			{
				"desc": "推送绑定帐号",
				"opt": {
					"bindDeviceWithAccount": true
				},
				"dependency": "",
				"name": "IMSAlicloudPushIoTBindAccount",
				"classNames": [
					"IMSAlicloudPushIoTGlue"
				]
			}
		],
		"version": "1.0.0",
		"desc": "提供了消息推送能力。",
		"icon": "https://cdn.nlark.com/lark/0/2018/png/37158/1542199386444-assets/web-upload/9555815f-9e45-4a19-87fd-e67cc1c4bf56.png",
		"classNames": [
			"IMSAlicloudPushIoTLaunch"
		]
	},
	{
		"opts" : {
		},
		"classNames" : [
			"IMSLogLaunch"
		],
		"name" : "IMSLog",
		"desc" : "日志工具，logLevel( off | error | warning | info | debug | verbose | all )",
		"version" : "1.0.1"
	},
	{
		"opts" : {
		},
		"classNames" : [
			"IMSMobileGatewayLaunch"
		],
		"name" : "IMSMobileGatewayLaunch",
		"desc" : "移动网关子设备SDK 初始化",
		"version" : "1.0.1"
	}
]
